Sumber,NamaKursus,Modul,Lesson,URL
New Mind Start,Neuro Art for Kids,Module 1: Neuro-Rhythm. Awakening Energy,Lesson 1: Theory,https://media.mindcloud.club/files111/133797/1299/en/transcoded/3860/a8ad3bf1d3fc91d5cb65d3aeefce42bc.m3u8
New Mind Start,Neuro Art for Kids,Module 1: Neuro-Rhythm. Awakening Energy,Lesson 2: Memory Hands Game,https://media.mindcloud.club/files111/133797/1299/en/transcoded/3860/ef7cfe35b6534c3f009a6e3020eb51bd.m3u8
New Mind Start,Neuro Art for Kids,Module 1: Neuro-Rhythm. Awakening Energy,Lesson 3: Build & Match Face,https://media.mindcloud.club/files111/133797/1299/en/transcoded/4931/4e9a590c496384f8993995504771cc54.m3u8
New Mind Start,Neuro Art for Kids,Module 1: Neuro-Rhythm. Awakening Energy,Lesson 4: Push&Pause Drill,https://media.mindcloud.club/files111/133797/1299/en/transcoded/3860/8e612cb086c2939b22448265036fa90b.m3u8
New Mind Start,Neuro Art for Kids,Module 1: Neuro-Rhythm. Awakening Energy,Lesson 5: Pattern Match,https://media.mindcloud.club/files111/133797/1299/en/transcoded/3860/5d21d947b133cca29f8486d3b6b6b38e.m3u8
New Mind Start,Neuro Art for Kids,Module 1: Neuro-Rhythm. Awakening Energy,Lesson 6: Owl breathing,https://media.mindcloud.club/files111/133797/1299/en/transcoded/3860/a47aabdf2521a53bdb716dcd4c054861.m3u8
New Mind Start,Neuro Art for Kids,Module 1: Neuro-Rhythm. Awakening Energy,Lesson 7: Rolling & Catching Fun,https://media.mindcloud.club/files111/133797/1299/en/transcoded/3860/8d0fdfe4b139df5b6b6cff2202a1ef5d.m3u8
New Mind Start,Neuro Art for Kids,Module 1: Neuro-Rhythm. Awakening Energy,Lesson 8: Texture Race,https://media.mindcloud.club/files111/133797/1299/en/transcoded/3860/0d971d5b80650f8cb3f00dc70a332788.m3u8
New Mind Start,Neuro Art for Kids,Module 2: Mirror World. Building Bridges,Lesson 1: Theory,https://media.mindcloud.club/files111/133797/1299/en/transcoded/3861/61b58717fff54af3fa1ae90f50da6950.m3u8
New Mind Start,Neuro Art for Kids,Module 2: Mirror World. Building Bridges,Lesson 2: Spiral Smart Moves,https://media.mindcloud.club/files111/133797/1299/en/transcoded/3861/7cfbfb00b584d7e9b499760b579e218d.m3u8
New Mind Start,Neuro Art for Kids,Module 2: Mirror World. Building Bridges,Lesson 3: Butterfly wings,https://media.mindcloud.club/files111/133797/1299/en/transcoded/3861/a5d30560ff08b751c11a66884d74a203.m3u8
New Mind Start,Neuro Art for Kids,Module 2: Mirror World. Building Bridges,Lesson 4: Owl Glide,https://media.mindcloud.club/files111/133797/1299/en/transcoded/3861/bacd0778c059fcde7ded2ba686b61ff6.m3u8
New Mind Start,Neuro Art for Kids,Module 2: Mirror World. Building Bridges,Lesson 5: Mirror Line Challenge,https://media.mindcloud.club/files111/133797/1299/en/transcoded/3861/822eba0b22267659f17a2fc32087b44e.m3u8
New Mind Start,Neuro Art for Kids,Module 2: Mirror World. Building Bridges,Lesson 6: Double Draw,https://media.mindcloud.club/files111/133797/1299/en/transcoded/3861/0631bd0091c23f2d92d8a484a9acd4dc.m3u8
New Mind Start,Neuro Art for Kids,Module 2: Mirror World. Building Bridges,Lesson 7: Spirlal Focus,https://media.mindcloud.club/files111/133797/1299/en/transcoded/3861/46f056c15d9c13d42503bf8f6775694e.m3u8
New Mind Start,Neuro Art for Kids,Module 2: Mirror World. Building Bridges,Lesson 8: Owl mirror trace,https://media.mindcloud.club/files111/133797/1299/en/transcoded/3861/b51ef1fb47d2fc2fa17c23899a973594.m3u8
New Mind Start,Neuro Art for Kids,Module 2: Mirror World. Building Bridges,Lesson 9: Bat and Hare,https://media.mindcloud.club/files111/133797/1299/en/transcoded/3861/f46e775006736b1a836d0080b80b96c5.m3u8
New Mind Start,Neuro Art for Kids,Module 2: Mirror World. Building Bridges,Lesson 10: Wall Swirls,https://media.mindcloud.club/files111/133797/1299/en/transcoded/3861/83ec332326c63bb8a42c0ae286027aae.m3u8
New Mind Start,Neuro Art for Kids,Module 3: Dissymmetry Territory. The Major League,Lesson 1: Theory,https://media.mindcloud.club/files111/133797/1299/en/transcoded/3862/0f88de462cf9f1294d861773267b108a.m3u8
New Mind Start,Neuro Art for Kids,Module 3: Dissymmetry Territory. The Major League,Lesson 2: Frog Trail,https://media.mindcloud.club/files111/133797/1299/en/transcoded/3862/8e88d1d5ce1453ac88cbf5ac024a4216.m3u8
New Mind Start,Neuro Art for Kids,Module 3: Dissymmetry Territory. The Major League,Lesson 3: Zig & Swirl,https://media.mindcloud.club/files111/133797/1299/en/transcoded/3862/c71482a1e7e35c528ebb935a85cf817f.m3u8
New Mind Start,Neuro Art for Kids,Module 3: Dissymmetry Territory. The Major League,Lesson 4: Bubble Loops,https://media.mindcloud.club/files111/133797/1299/en/transcoded/3862/8ff49aec51e05a4c889f3507131abe3e.m3u8
New Mind Start,Neuro Art for Kids,Module 3: Dissymmetry Territory. The Major League,Lesson 5: Tree and River Lines,https://media.mindcloud.club/files111/133797/1299/en/transcoded/3862/46f84da9204b5351476a4abc71079588.m3u8
New Mind Start,Neuro Art for Kids,Module 3: Dissymmetry Territory. The Major League,Lesson 6: Spiral vs Lightning,https://media.mindcloud.club/files111/133797/1299/en/transcoded/3862/b85769d9271ed708496a0567b3938ae8.m3u8
New Mind Start,Neuro Art for Kids,Module 3: Dissymmetry Territory. The Major League,Lesson 7: Mirror Motion Maze,https://media.mindcloud.club/files111/133797/1299/en/transcoded/3862/c3819e71ead594297c9bbfe9fda53337.m3u8
New Mind Start,Neuro Art for Kids,Module 3: Dissymmetry Territory. The Major League,Lesson 8: Criss-Cross Tracks,https://media.mindcloud.club/files111/133797/1299/en/transcoded/3862/393350795badc338dbd635d0530e82f2.m3u8
New Mind Start,Neuro Art for Kids,Module 3: Dissymmetry Territory. The Major League,Lesson 9: Color Hunt Pompoms,https://media.mindcloud.club/files111/133797/1299/en/transcoded/3862/ffbd93f45b3be380b679a2e64a9d6799.m3u8
New Mind Start,Neuro Art for Kids,Module 3: Dissymmetry Territory. The Major League,Lesson 10: Square Market Match,https://media.mindcloud.club/files111/133797/1299/en/transcoded/3862/30e1684de102109751e9297f89a74b6a.m3u8
New Mind Start,Neuro Art for Kids,Module 3: Dissymmetry Territory. The Major League,Lesson 11: Pencil Picker Game,https://media.mindcloud.club/files111/133797/1299/en/transcoded/3862/ae84435675046f3bfad8aaf3fa1ed90f.m3u8
New Mind Start,Neuro Art for Kids,Module 3: Dissymmetry Territory. The Major League,Lesson 12: Line Dash with Blocks,https://media.mindcloud.club/files111/133797/1299/en/transcoded/3862/4bd792c78b8254b1dd41585287bdc56e.m3u8
New Mind Start,Neuro Art for Kids,Module 3: Dissymmetry Territory. The Major League,Lesson 13: Ready Hands,https://media.mindcloud.club/files111/133797/1299/en/transcoded/3862/8ebbf5773eb56da434a116d9cde4f87b.m3u8
New Mind Start,Neuro Art for Kids,Module 3: Dissymmetry Territory. The Major League,Lesson 14: Pattern Pals,https://media.mindcloud.club/files111/133797/1299/en/transcoded/3862/03590771091249c48d3a119db0ba53b1.m3u8
New Mind Start,Neuro Art for Kids,Module 3: Dissymmetry Territory. The Major League,Lesson 15: Hand Match Patrol,https://media.mindcloud.club/files111/133797/1299/en/transcoded/3862/2eaf7bc366e761605c515c0d69a90339.m3u8
New Mind Start,Neuro Art for Kids,Module 4: Neuro-Grip. Agility and Writing,Lesson 1: Theory,https://media.mindcloud.club/files111/133797/1299/en/transcoded/3863/82f4dbab9f782f67e1d51abda00bb4a2.m3u8
New Mind Start,Neuro Art for Kids,Module 4: Neuro-Grip. Agility and Writing,Lesson 2: Color Tap Dots,https://media.mindcloud.club/files111/133797/1299/en/transcoded/3863/d042d6a9f2a31546465acd07da133bdb.m3u8
New Mind Start,Neuro Art for Kids,Module 4: Neuro-Grip. Agility and Writing,Lesson 3: Flow and Follow,https://media.mindcloud.club/files111/133797/1299/en/transcoded/3863/041ac79ceca36b6cde36ca117b2cd2a9.m3u8
New Mind Start,Neuro Art for Kids,Module 4: Neuro-Grip. Agility and Writing,Lesson 4: Spiral Pop Journey,https://media.mindcloud.club/files111/133797/1299/en/transcoded/3863/39d67b44f839d017f1fc60da40bdff9e.m3u8
New Mind Start,Neuro Art for Kids,Module 4: Neuro-Grip. Agility and Writing,Lesson 5: Beads sorting,https://media.mindcloud.club/files111/133797/1299/en/transcoded/3863/28eb6728564f0089736642381e147a37.m3u8
New Mind Start,Neuro Art for Kids,Module 4: Neuro-Grip. Agility and Writing,Lesson 6: Drawing with cotton swabs,https://media.mindcloud.club/files111/133797/1299/en/transcoded/3863/484a42858a8d74b9ecc5292c42202a8f.m3u8
New Mind Start,Neuro Art for Kids,Module 4: Neuro-Grip. Agility and Writing,Lesson 7: Eyedropper exercises,https://media.mindcloud.club/files111/133797/1299/en/transcoded/3863/0a994965e7443d68cae5032249ceacf5.m3u8
New Mind Start,Neuro Art for Kids,Module 4: Neuro-Grip. Agility and Writing,Lesson 8: Stick control adventure,https://media.mindcloud.club/files111/133797/1299/en/transcoded/3863/8fbaf42b053f39c52c0f48a2b97462b0.m3u8
New Mind Start,Neuro Art for Kids,Module 5: Detective and Architect. Programming Success,Lesson 1: Theory,https://media.mindcloud.club/files111/133797/1299/en/transcoded/4931/271ebdd5201d22b08ca23e55ae9b25e6.m3u8
New Mind Start,Neuro Art for Kids,Module 5: Detective and Architect. Programming Success,Lesson 2: Wall Trace Race,https://media.mindcloud.club/files111/133797/1299/en/transcoded/4931/52f94605e39c30371c82d82e9ca0d10d.m3u8
New Mind Start,Neuro Art for Kids,Module 5: Detective and Architect. Programming Success,Lesson 3: Build & Match Face,https://media.mindcloud.club/files111/133797/1299/en/transcoded/4931/4e9a590c496384f8993995504771cc54.m3u8
New Mind Start,Neuro Art for Kids,Module 5: Detective and Architect. Programming Success,Lesson 4: Dot Detective,https://media.mindcloud.club/files111/133797/1299/en/transcoded/4931/575baf3edb6505a6b8745b747400aa6c.m3u8
New Mind Start,Neuro Art for Kids,Module 5: Detective and Architect. Programming Success,Lesson 5: Brain Builders,https://media.mindcloud.club/files111/133797/1299/en/transcoded/4931/cfe8509a552907073aea9c3484a1dfca.m3u8
New Mind Start,Neuro Art for Kids,Module 5: Detective and Architect. Programming Success,Lesson 6: Graphic Dictation,https://media.mindcloud.club/files111/133797/1299/en/transcoded/4931/aca5650504cca347115f958541f7f0fa.m3u8
New Mind Start,Neuro Art for Kids,Module 5: Detective and Architect. Programming Success,Lesson 7: Finish drawing like a Creator,https://media.mindcloud.club/files111/133797/1299/en/transcoded/4931/98120e0bf6013abf9c8b4ac662ea2445.m3u8
New Mind Start,Neuro Art for Kids,Module 5: Detective and Architect. Programming Success,Lesson 8: Funny Pixels,https://media.mindcloud.club/files111/133797/1299/en/transcoded/4931/31c67eadc4725818a3107647f2057eda.m3u8
New Mind Start,Speech Therapy Kids,Speech Therapy Kids,Lesson 1: Power Breath for Speech – Turning Air Into Clear Sounds,https://media.mindcloud.club/files111/315535/1642/en/transcoded/5664/97b8b89d707cc632a228459b340de20e.m3u8
New Mind Start,Speech Therapy Kids,Speech Therapy Kids,Lesson 1.1: Playtime – “Blow & Go Games”,https://media.mindcloud.club/files111/315535/1642/en/transcoded/5664/80657dd1572d0c5e1b8f8aa5c34b6089.m3u8
New Mind Start,Speech Therapy Kids,Speech Therapy Kids,Lesson 2: Tongue Control Mastery – The Key to Correct Sounds,https://media.mindcloud.club/files111/315535/1642/en/transcoded/5664/0d5df231157391c98aba81f672ece524.m3u8
New Mind Start,Speech Therapy Kids,Speech Therapy Kids,Lesson 2.1: Playtime – “Tongue Explorer Quest”,https://media.mindcloud.club/files111/315535/1642/en/transcoded/5664/3960e4c2f126a09d6ca1eab8da8e9d69.m3u8
New Mind Start,Speech Therapy Kids,Speech Therapy Kids,Lesson 3: Lip Strength Lab – Shaping Sounds with Precision,https://media.mindcloud.club/files111/315535/1642/en/transcoded/5664/4dab6641d4329f8b417c1297ece5a2c6.m3u8
New Mind Start,Speech Therapy Kids,Speech Therapy Kids,Lesson 3.1: Playtime – “Silly Face Challenges”Lesson 4: Sound Practice Made Fun – Repetition Without Resistance,https://media.mindcloud.club/files111/315535/1642/en/transcoded/5664/3ad09ce1ce3057c88618ad19705523c8.m3u8
New Mind Start,Speech Therapy Kids,Speech Therapy Kids,Lesson 4.1: Playtime – “Catch the Sound Game”,https://media.mindcloud.club/files111/315535/1642/en/transcoded/5664/788397aecc91c9f7fc43e837c59b20d4.m3u8
New Mind Start,Speech Therapy Kids,Speech Therapy Kids,Lesson 5: Jaw Stability for Clear Speech – Building a Strong Foundation,https://media.mindcloud.club/files111/315535/1642/en/transcoded/5664/a087eea7b0a3505d81dd6253930c7d63.m3u8
New Mind Start,Speech Therapy Kids,Speech Therapy Kids,Lesson 5.1: Playtime – “Chomp & Talk Adventure”,https://media.mindcloud.club/files111/315535/1642/en/transcoded/5664/386e2a841dc040d7723e99b23bd05ffd.m3u8
New Mind Start,Speech Therapy Kids,Speech Therapy Kids,Lesson 6: Brain Boost for Talking – Connecting Fingers & Speech,https://media.mindcloud.club/files111/315535/1642/en/transcoded/5664/99f74cb59d511ed007fad6d8e0dce2f3.m3u8
New Mind Start,Speech Therapy Kids,Speech Therapy Kids,Lesson 6.1: Playtime – “Finger Power Play”,https://media.mindcloud.club/files111/315535/1642/en/transcoded/5664/55b94ce3fa605e23db5ce037eb70a2da.m3u8
New Mind Start,Speech Therapy Kids,Speech Therapy Kids,"Lesson 7: Body, Balance & Voice – Supporting Speech Through Posture",https://media.mindcloud.club/files111/315535/1642/en/transcoded/5664/7188568423aeede44ba2c75f747d0255.m3u8
New Mind Start,Speech Therapy Kids,Speech Therapy Kids,Lesson 7.1: Playtime – “Move & Speak Games”,https://media.mindcloud.club/files111/315535/1642/en/transcoded/5664/8f24696226f908a6c14b2258beed0ce3.m3u8
New Mind Start,Speech Therapy Kids,Speech Therapy Kids,Conclusion: From Practice to Progress – Making Speech Improvement a Daily Habit,https://media.mindcloud.club/files111/315535/1642/en/transcoded/5664/534e94443188b2470744226564b04374.m3u8
New Mind Start,"Kids Massage: No Tantrums, Healthy Growth, Smart Brain","Kids Massage: No Tantrums, Healthy Growth, Smart Brain",Course Introduction,https://media.mindcloud.club/files111/207/1398/en/transcoded/4394/3291622af00db8b4277f621594068122.m3u8
New Mind Start,"Kids Massage: No Tantrums, Healthy Growth, Smart Brain","Kids Massage: No Tantrums, Healthy Growth, Smart Brain",Lesson 1. Attunement and Proper Preparation,https://media.mindcloud.club/files111/207/1398/en/transcoded/4394/7bd9d626a595831fd297b5cd23a2b976.m3u8
New Mind Start,"Kids Massage: No Tantrums, Healthy Growth, Smart Brain","Kids Massage: No Tantrums, Healthy Growth, Smart Brain",Lesson 2. Core Principles of Children’s Massage,https://media.mindcloud.club/files111/207/1398/en/transcoded/4394/714dec24dd93f7806547c177d1650cc8.m3u8
New Mind Start,"Kids Massage: No Tantrums, Healthy Growth, Smart Brain","Kids Massage: No Tantrums, Healthy Growth, Smart Brain",Lesson 3. Legs and Feet: Body Foundation + Deep Work,https://media.mindcloud.club/files111/207/1398/en/transcoded/4394/7678ace9d0a0ae5c7ded2b967395430f.m3u8
New Mind Start,"Kids Massage: No Tantrums, Healthy Growth, Smart Brain","Kids Massage: No Tantrums, Healthy Growth, Smart Brain",Lesson 4. Belly and Arms,https://media.mindcloud.club/files111/207/1398/en/transcoded/4394/a750401739ee510364c1fddff10ed2db.m3u8
New Mind Start,"Kids Massage: No Tantrums, Healthy Growth, Smart Brain","Kids Massage: No Tantrums, Healthy Growth, Smart Brain","Lesson 5. Back, Neck, and Head",https://media.mindcloud.club/files111/207/1398/en/transcoded/4394/324182dc4e01298af5d870e14351781a.m3u8
New Mind Start,"Kids Massage: No Tantrums, Healthy Growth, Smart Brain","Kids Massage: No Tantrums, Healthy Growth, Smart Brain",Lesson 6. Calming points for Relaxation and Reducing Anxiety,https://media.mindcloud.club/files111/207/1398/en/transcoded/4394/cdbf50919c8de1d83bb093099be2812c.m3u8
New Mind Start,"Kids Massage: No Tantrums, Healthy Growth, Smart Brain","Kids Massage: No Tantrums, Healthy Growth, Smart Brain",Lesson 7. Calming points for Better Sleep,https://media.mindcloud.club/files111/207/1398/en/transcoded/4394/a0de5507804075a6ae58f7ecb36cad3a.m3u8
New Mind Start,"Kids Massage: No Tantrums, Healthy Growth, Smart Brain","Kids Massage: No Tantrums, Healthy Growth, Smart Brain",Lesson 8. Calming points for Focus and School-Related Stress,https://media.mindcloud.club/files111/207/1398/en/transcoded/4394/c32d12b86a84ae0965d823723ebd110e.m3u8
New Mind Start,"Kids Massage: No Tantrums, Healthy Growth, Smart Brain","Kids Massage: No Tantrums, Healthy Growth, Smart Brain",Lesson 9. How to Properly Finish the Massage,https://media.mindcloud.club/files111/207/1398/en/transcoded/4394/7696d3974f235857dbd6c0efbe937dbd.m3u8
New Mind Start,"Kids Massage: No Tantrums, Healthy Growth, Smart Brain","Kids Massage: No Tantrums, Healthy Growth, Smart Brain",Lesson 10. Daily Ritual: 5 Minutes Before Bed or in the Morning,https://media.mindcloud.club/files111/207/1398/en/transcoded/4394/7d545d9df9145f3116305735a39081df.m3u8
New Mind Start,"Kids Massage: No Tantrums, Healthy Growth, Smart Brain","Kids Massage: No Tantrums, Healthy Growth, Smart Brain",Conclusion,https://media.mindcloud.club/files111/207/1398/en/transcoded/4394/788414a5da5351333b3a885e9b3ba6c8.m3u8
New Mind Start,Neuro Genius Kids — 10 Min of Play for Smart Brain and Better Behavior,Module 1 — Calm & Regulate,Lesson 1: Why Kids Get Overstimulated,https://media.mindcloud.club/files111/452092/1534/en/transcoded/5085/37f89f3d2e83c045bf314ceb1e6421f8.m3u8
New Mind Start,Neuro Genius Kids — 10 Min of Play for Smart Brain and Better Behavior,Module 1 — Calm & Regulate,"Lesson 2: Eyes, Ears & Behavior",https://media.mindcloud.club/files111/452092/1534/en/transcoded/5085/1d5f60bde369ba73f8b07365eb9be11e.m3u8
New Mind Start,Neuro Genius Kids — 10 Min of Play for Smart Brain and Better Behavior,Module 1 — Calm & Regulate,"Lesson 3: Tantrums, ADHD & Nervous System Balance",https://media.mindcloud.club/files111/452092/1534/en/transcoded/5085/9e4068beaacb1c44fc7ad8494451b416.m3u8
New Mind Start,Neuro Genius Kids — 10 Min of Play for Smart Brain and Better Behavior,Module 2 — Smart Brain Training,Lesson 1: Why Your Child’s Eyes Get Tired,https://media.mindcloud.club/files111/452092/1534/en/transcoded/5086/b119acbbf3169a659271ba5955fa7b47.m3u8
New Mind Start,Neuro Genius Kids — 10 Min of Play for Smart Brain and Better Behavior,Module 2 — Smart Brain Training,Lesson 2: Balance & Focus Basics,https://media.mindcloud.club/files111/452092/1534/en/transcoded/5086/cbe493c861b56cbc46230d20a905f251.m3u8
New Mind Start,Neuro Genius Kids — 10 Min of Play for Smart Brain and Better Behavior,Module 2 — Smart Brain Training,Lesson 3: Eye–Hand Coordination for School,https://media.mindcloud.club/files111/452092/1534/en/transcoded/5086/ad5d3ec8fe4fa8daa2eee647c8d8bb66.m3u8
New Mind Start,Neuro Genius Kids — 10 Min of Play for Smart Brain and Better Behavior,Module 2 — Smart Brain Training,"Lesson 4: Posture, Writing & Reading",https://media.mindcloud.club/files111/452092/1534/en/transcoded/5086/2f2890a0878d77ee671c0ffb76b52ef4.m3u8
New Mind Start,Neuro Genius Kids — 10 Min of Play for Smart Brain and Better Behavior,Module 2 — Smart Brain Training,"Lesson 5: Stress, Screens & Brain Fatigue",https://media.mindcloud.club/files111/452092/1534/en/transcoded/5086/a2f4251e4dceb3e3cb7108629a04d33d.m3u8
New Mind Start,Neuro Genius Kids — 10 Min of Play for Smart Brain and Better Behavior,Module 2 — Smart Brain Training,Lesson 6: Daily 10-Minute Neuro Genius Routine,https://media.mindcloud.club/files111/452092/1534/en/transcoded/5086/7abfe23072f8e3bf06e30bbb3512a72f.m3u8
New Mind Start,"SI Joint Reset: The Osteopathic Home Protocol for Lower Back, Hip & Tailbone Pain",Module 1 — Deep Core & Pelvis Reset,Intro,https://media.mindcloud.club/files111/211398/1652/en/transcoded/5703/0d2f649fbc889274891762fb3b440884.m3u8
New Mind Start,"SI Joint Reset: The Osteopathic Home Protocol for Lower Back, Hip & Tailbone Pain",Module 1 — Deep Core & Pelvis Reset,Pelvic Stability Self-Test,https://media.mindcloud.club/files111/211398/1652/en/transcoded/5703/e04ec929bbb4786b445eb86260793067.m3u8
New Mind Start,"SI Joint Reset: The Osteopathic Home Protocol for Lower Back, Hip & Tailbone Pain",MODULE 2 — Reset the Joint,Lesson 1: Pelvic Correction & Deep Core Locks,https://media.mindcloud.club/files111/211398/1652/en/transcoded/5704/fe7091f0eca21709334fe0026ebb0cb9.m3u8
New Mind Start,"SI Joint Reset: The Osteopathic Home Protocol for Lower Back, Hip & Tailbone Pain",MODULE 2 — Reset the Joint,Lesson 2: Lunge Pattern for Anterior Pelvic Tilt,https://media.mindcloud.club/files111/211398/1652/en/transcoded/5704/24da547f977718524a7c111f62e9cd44.m3u8
New Mind Start,"SI Joint Reset: The Osteopathic Home Protocol for Lower Back, Hip & Tailbone Pain",MODULE 3 — Release What's Holding It Tight,Lesson 1: Introduction to Myofascial Release,https://media.mindcloud.club/files111/211398/1652/en/transcoded/5705/60a70802ef87a503a244fc2c2da47c47.m3u8
New Mind Start,"SI Joint Reset: The Osteopathic Home Protocol for Lower Back, Hip & Tailbone Pain",MODULE 3 — Release What's Holding It Tight,Lesson 2: Myofascial Release Practice,https://media.mindcloud.club/files111/211398/1652/en/transcoded/5705/2e40a401bffab051d4de56c6b1aa68a7.m3u8
New Mind Start,"SI Joint Reset: The Osteopathic Home Protocol for Lower Back, Hip & Tailbone Pain",MODULE 3 — Release What's Holding It Tight,Lesson 3: Walking Pattern Reset,https://media.mindcloud.club/files111/211398/1652/en/transcoded/5705/61483f582470e473a2cf2bca58c62cf9.m3u8
New Mind Start,"SI Joint Reset: The Osteopathic Home Protocol for Lower Back, Hip & Tailbone Pain",MODULE 4 — Stabilise So It Holds,Lesson 1: Deep Muscle & Pelvic Stabilisation Training,https://media.mindcloud.club/files111/211398/1652/en/transcoded/5706/2737ffb69e7201f50fa1aab890ae3013.m3u8
New Mind Start,"SI Joint Reset: The Osteopathic Home Protocol for Lower Back, Hip & Tailbone Pain",MODULE 4 — Stabilise So It Holds,Lesson 2: Full Posture Practice,https://media.mindcloud.club/files111/211398/1652/en/transcoded/5706/ef2265f313e6321d0e26f8a3049d97dd.m3u8
New Mind Start,"SI Joint Reset: The Osteopathic Home Protocol for Lower Back, Hip & Tailbone Pain",MODULE 5 — Rewire the Pain Pattern,Lesson 1: Pain Pattern Reset,https://media.mindcloud.club/files111/211398/1652/en/transcoded/5707/2cd3f50571b38af2106d158d6122f927.m3u8
Mahir Digital,CHAPTER SPESIAL,CHAPTER SPESIAL,Perubahan Hidup Lewat Digital Marketing?,https://www.youtube.com/watch?v=ntUB7knVpCU
Mahir Digital,CHAPTER SPESIAL,CHAPTER SPESIAL,MINDSET & PERSIAPAN DARI MENTAL BLOCK KE MENTAL GROWTH,https://drive.google.com/file/d/1pHfNyVzdMM7NHumXGPHiG2XBQTZptSMg/preview
Mahir Digital,CHAPTER SPESIAL,CHAPTER SPESIAL,Mental Kaya & Mental Block (Part 1),https://drive.google.com/file/d/1Vq93kwez6s_Wnc-qd7Q4nELBZYvHPxJT/preview
Mahir Digital,CHAPTER SPESIAL,CHAPTER SPESIAL,Mental Kaya & Mental Block (Part 2),https://www.youtube.com/watch?v=SPV3oQuTO6Y
Mahir Digital,META & IG ADS MASTERY,CHAPTER 1 (MINDSET & PERSIAPAN),1.1 – 7 Level Mulai Bisnis Online (Kamu Lebih Cocok Yang Mana?),https://www.youtube.com/watch?v=QaVzMHxZAY0
Mahir Digital,META & IG ADS MASTERY,CHAPTER 1 (MINDSET & PERSIAPAN),1.2 – 2 Faktor Keberhasilan Dalam Beriklan,https://www.youtube.com/watch?v=27LrxMy5o_w
Mahir Digital,META & IG ADS MASTERY,CHAPTER 1 (MINDSET & PERSIAPAN),1.3 – 4 Mindset Penting Sebelum Mulai Beriklan,https://drive.google.com/file/d/1raM0BR55inILnObsvP1JFDdn3qP99BB_/preview
Mahir Digital,META & IG ADS MASTERY,CHAPTER 1 (MINDSET & PERSIAPAN),1.4 – 5 Pondasi Dasar Digital Marketing,https://www.youtube.com/watch?v=mtCFeMi3s3I
Mahir Digital,META & IG ADS MASTERY,CHAPTER 2 (MENCARI PRODUK YANG TEPAT),2.1 - Dropship Vs Reseller Vs Bangun Brand,https://www.youtube.com/watch?v=un_wtyhyQiM
Mahir Digital,META & IG ADS MASTERY,CHAPTER 2 (MENCARI PRODUK YANG TEPAT),2.2 - (UPDATE) Skema Bisnis Dropship,https://www.youtube.com/watch?v=tI7FWpEhmGQ
Mahir Digital,META & IG ADS MASTERY,CHAPTER 2 (MENCARI PRODUK YANG TEPAT),2.3 - (UPDATE) Produk Digital & Affiliate Marketing,https://drive.google.com/file/d/193dZ9vzpJYrTE5o7hbwfMlWABz6KTvRD/preview
Mahir Digital,META & IG ADS MASTERY,CHAPTER 2 (MENCARI PRODUK YANG TEPAT),2.4 - (UPDATE) 10 Juta Pertama Dari Affiliate Marketing,https://www.youtube.com/watch?v=jETMzV3LkCs
Mahir Digital,META & IG ADS MASTERY,CHAPTER 3 (FUNNEL & TRAFFIC),3.1 - Cara Menemukan Funnel Terbaik? (Customer Journey)?,https://drive.google.com/file/d/1XNuuZVk4vGByILGzGWwXquGajMnVUYMx/preview
Mahir Digital,META & IG ADS MASTERY,CHAPTER 3 (FUNNEL & TRAFFIC),3.2 - Free Traffic Vs Paid Traffic. Mana Yang Lebih Baik?,https://drive.google.com/file/d/1xgdAs2YzzdpLYQb0ao5ArgVmLsKYgOxn/preview
Mahir Digital,META & IG ADS MASTERY,CHAPTER 4 (MEMBANGUN ASET DIGITAL),4.1 – Kenapa Perlu Membangun Aset Digital?,https://www.youtube.com/watch?v=FmHDjd4O1WA
Mahir Digital,META & IG ADS MASTERY,CHAPTER 5 (KONTEN & AUDIENCE),5.1 - Algoritma FB & IG Ads,https://drive.google.com/file/d/1jFOaa1FI_5mZdgB0vgwK1lg-6C9BqDFd/preview
Mahir Digital,META & IG ADS MASTERY,CHAPTER 5 (KONTEN & AUDIENCE),5.2 - Konten is KING!,https://www.youtube.com/watch?v=dZ5Mhxa3OW4
Mahir Digital,META & IG ADS MASTERY,CHAPTER 5 (KONTEN & AUDIENCE),5.3 - Menentukan Angle Konten Yang Menarik,https://www.youtube.com/watch?v=JtMX_PhGLxQ
Mahir Digital,META & IG ADS MASTERY,CHAPTER 5 (KONTEN & AUDIENCE),5.4 - 3 Frame Work (Kerangka) Dalam Membuat Konten,https://drive.google.com/file/d/1n2XitZbYTt5TbHQmw9BMSZK6axxnljzE/preview
Mahir Digital,META & IG ADS MASTERY,CHAPTER 5 (KONTEN & AUDIENCE),5.5 - 12 Indikator yang Menentukan Konten Viral,https://www.youtube.com/watch?v=fArCDoQhQNk
Mahir Digital,META & IG ADS MASTERY,CHAPTER 5 (KONTEN & AUDIENCE),5.6 - Cara Melihat Konten Kompetitor + Exercise,https://www.youtube.com/watch?v=RPIXk7xAzec
Mahir Digital,META & IG ADS MASTERY,CHAPTER 6 (PERSIAPAN SEBELUM MULAI BERIKLAN),6.1 - Jenis - Jenis Iklan Di FB & IG (Boost Post & Ads Manager),https://drive.google.com/file/d/1ut7CfZHF9yi6yokso-bA-gblwEkqH-0J/preview
Mahir Digital,META & IG ADS MASTERY,CHAPTER 6 (PERSIAPAN SEBELUM MULAI BERIKLAN),6.2 - Penyebab & Solusi Akun Kena Banned,https://www.youtube.com/watch?v=nHfVIOACHGk
Mahir Digital,META & IG ADS MASTERY,CHAPTER 6 (PERSIAPAN SEBELUM MULAI BERIKLAN),6.3 - Solusi Apabila Iklan Ditolak,https://drive.google.com/file/d/1aMRfTo_pnVZLW5PGrm9ZFwWxv6OhMqpP/preview
Mahir Digital,META & IG ADS MASTERY,CHAPTER 7 (PRAKTEK PERSIAPAN BERIKLAN) UPDATE 2026,7.1 Overview Materi Persiapan Beriklan CTWA + Menjelaskan Funel Beriklan,https://www.youtube.com/watch?v=4w6QI7F3-YY
Mahir Digital,META & IG ADS MASTERY,CHAPTER 7 (PRAKTEK PERSIAPAN BERIKLAN) UPDATE 2026,7.2 Praktek Persiapan Akun Facebook,https://www.youtube.com/watch?v=TGkkzVMLolk
Mahir Digital,META & IG ADS MASTERY,CHAPTER 7 (PRAKTEK PERSIAPAN BERIKLAN) UPDATE 2026,7.3 Praktek Persiapan Membuat Akun Fanpage,https://drive.google.com/file/d/1rewmU1XPd3n65S0pZz_luT11K1-cQQCW/preview
Mahir Digital,META & IG ADS MASTERY,CHAPTER 7 (PRAKTEK PERSIAPAN BERIKLAN) UPDATE 2026,7.4 Praktek Persiapan menghubungkan Fanpage Ke Instagram,https://drive.google.com/file/d/133FPGdyrnw_L1QkuReIzfs17F0qJ9tTX/preview
Mahir Digital,META & IG ADS MASTERY,CHAPTER 7 (PRAKTEK PERSIAPAN BERIKLAN) UPDATE 2026,7.5 Praktek Persiapan Menghubungkan Fanpage Ke Wa Business,https://www.youtube.com/watch?v=BHGH9MDAwNk
Mahir Digital,META & IG ADS MASTERY,CHAPTER 7 (PRAKTEK PERSIAPAN BERIKLAN) UPDATE 2026,7.6 Praktek Persiapan membuat Business Manager (BM),https://drive.google.com/file/d/1CW99HHd3wJWNFa1gvK_0GCocMnM8sHQ5/preview
Mahir Digital,META & IG ADS MASTERY,CHAPTER 7 (PRAKTEK PERSIAPAN BERIKLAN) UPDATE 2026,7.7 Praktek Persiapan Membuat Ad Account,https://www.youtube.com/watch?v=qG_Mvg-hz0g
Mahir Digital,META & IG ADS MASTERY,CHAPTER 7 (PRAKTEK PERSIAPAN BERIKLAN) UPDATE 2026,7.8 Praktek Persiapan Menghubungkan Payment Method Akun Reguler,https://drive.google.com/file/d/14IJsUN99CsclIzFl_gI1mUMNZF0N1iN7/preview
Mahir Digital,META & IG ADS MASTERY,CHAPTER 7 (PRAKTEK PERSIAPAN BERIKLAN) UPDATE 2026,7.9 (Praktek Iklan CTWA),https://www.youtube.com/watch?v=g-H2GINT9Oc
Mahir Digital,META & IG ADS MASTERY,CHAPTER 7 (PRAKTEK PERSIAPAN BERIKLAN) UPDATE 2026,7.10 (Overview Split Testing),https://drive.google.com/file/d/1HXQPrYZ2zpWSJALvhVxiL01Q2v-Ky73h/preview
Mahir Digital,META & IG ADS MASTERY,CHAPTER 7 (PRAKTEK PERSIAPAN BERIKLAN) UPDATE 2026,7.11 (Split Testing Budget Kecil),https://www.youtube.com/watch?v=lJmUzDn0WTk&t=4s
Mahir Digital,META & IG ADS MASTERY,CHAPTER 7 (PRAKTEK PERSIAPAN BERIKLAN) UPDATE 2026,7.12 (Split Testing Budget Besar),https://drive.google.com/file/d/10jnp7KDCHZ7Q4ftFK-igqArxsGCw813H/preview
Mahir Digital,META & IG ADS MASTERY,CHAPTER 8 (PRAKTEK CTWA),"8.1 - Rekap Terkait Persiapan & 3 Struktur Dalam Beriklan (Campaign, Adset, Ad)",https://www.youtube.com/watch?v=7pPsldgw5PM
Mahir Digital,META & IG ADS MASTERY,CHAPTER 8 (PRAKTEK CTWA),8.2 - Praktek Iklan Funnel CTWA (PRATEK),https://www.youtube.com/watch?v=RM3tlkKQXEw
Mahir Digital,META & IG ADS MASTERY,CHAPTER 8 (PRAKTEK CTWA),8.3 - PRAKTEK SPLIT TESTING Iklan Funnel CTWA,https://www.youtube.com/watch?v=fKuf2ZPuBCE
Mahir Digital,META & IG ADS MASTERY,CHAPTER 9 (BACA DATA HASIL IKLAN),9.1 - Pengertian Matrics Meta Ads (umum),https://drive.google.com/file/d/1Qc-t0Qb6rAwLEx9-6Eog0W3oFL2uQHMn/preview
Mahir Digital,META & IG ADS MASTERY,CHAPTER 9 (BACA DATA HASIL IKLAN),9.2 - Cara Baca Data Agar Menemukan Iklan Terbaik (FB Ads),https://www.youtube.com/watch?v=lUrQOQ-ka1w
Mahir Digital,META & IG ADS MASTERY,CHAPTER 9 (BACA DATA HASIL IKLAN),9.3 - PRAKTEK Baca Data Facebook Ads,https://drive.google.com/file/d/1s0ZhfMbNc7RqvN8LPOjZls_ULMxNHoSL/preview
Mahir Digital,META & IG ADS MASTERY,CHAPTER 10 (SPLIT TESTING),10.1 - Kesalahan Pemula Ketika Beriklan,https://www.youtube.com/watch?v=WFApSbWbFuk
Mahir Digital,META & IG ADS MASTERY,CHAPTER 10 (SPLIT TESTING),10.2 - Cara Menemukan Konten & Audience Terbaik,https://drive.google.com/file/d/1yQbmEfiG9dg5lnm5QkTm5AN9pGP0Q3kI/preview
Mahir Digital,META & IG ADS MASTERY,CHAPTER 10 (SPLIT TESTING),10.3 - Frame Work Iklan (Branding),https://www.youtube.com/watch?v=uMs3b_wd9FU
Mahir Digital,META & IG ADS MASTERY,CHAPTER 10 (SPLIT TESTING),10.4 - Frame Work Iklan (Produk Dropship),https://drive.google.com/file/d/1IP6Hvr2leqGLxKLci0_Pzp6umB30l7p6/preview
Mahir Digital,META & IG ADS MASTERY,CHAPTER 10 (SPLIT TESTING),10.6 - PRAKTEK SPLIT TESTING Iklan Funnel CTWA,https://www.youtube.com/watch?v=fKuf2ZPuBCE
Mahir Digital,META & IG ADS MASTERY,CHAPTER 11 - BERIKLAN MENGGUNAKAN AKUN WL,11.1 Penjelasan dan Registrasi WL Selow (UPDATE),https://www.youtube.com/watch?v=DXxGjjR8E7w
Mahir Digital,META & IG ADS MASTERY,CHAPTER 12 (SCALE UP & SCALE OUT),12.1 - Iklan Mahal Atau Murah? Apa Yang Perlu Dilakukan?,https://drive.google.com/file/d/1wi0RHD1VFaneWTgEORur7Wkydw4MEEPz/preview
Mahir Digital,META & IG ADS MASTERY,CHAPTER 12 (SCALE UP & SCALE OUT),12.2 - Praktek Scale Up & Scale Out + Praktek,https://www.youtube.com/watch?v=YRQNoxr46do
Mahir Digital,META & IG ADS MASTERY,CHAPTER 13 (PRAKTEK BERIKLAN DENGAN LANDINGPAGE),13.1 - Apa Itu Facebook Pixel?,https://drive.google.com/file/d/1xUYVRHbpdtwgFOSoNJIH5flwV33nJGyY/preview
Mahir Digital,META & IG ADS MASTERY,CHAPTER 13 (PRAKTEK BERIKLAN DENGAN LANDINGPAGE),13.2 - ⁠⁠Cara Membuat Pixel/ Dataset,https://www.youtube.com/watch?v=dzaAhLnAWng
Mahir Digital,META & IG ADS MASTERY,CHAPTER 13 (PRAKTEK BERIKLAN DENGAN LANDINGPAGE),13.3 - ⁠⁠Overview Perbedaan Landing Page & Website,https://drive.google.com/file/d/1a6kNbp0TV81RGES0la3OBAhBJXxvCFQZ/preview
Mahir Digital,META & IG ADS MASTERY,CHAPTER 13 (PRAKTEK BERIKLAN DENGAN LANDINGPAGE),13.4 - Praktek Pembuatan Landing Page,https://www.youtube.com/watch?v=qljcqHqA_Og
Mahir Digital,META & IG ADS MASTERY,CHAPTER 13 (PRAKTEK BERIKLAN DENGAN LANDINGPAGE),13.5 - Praktek Pemasangan Pixel,https://drive.google.com/file/d/1ObfvPWl80ogQX6-gdIMArUa-ptLZqeNL/preview
Mahir Digital,META & IG ADS MASTERY,CHAPTER 13 (PRAKTEK BERIKLAN DENGAN LANDINGPAGE),13.6 - Praktek Iklan Sales Funnel Landing Page (PRAKTEK),https://www.youtube.com/watch?v=KztxNnmMQAU
Mahir Digital,META & IG ADS MASTERY,CHAPTER 13 (PRAKTEK BERIKLAN DENGAN LANDINGPAGE),13.7 - Praktek Iklan Conversion (PRAKTEK),https://drive.google.com/file/d/1snmdYGqyndhZDivUQPGzIPX7HfCNsNcS/preview
Mahir Digital,META & IG ADS MASTERY,CHAPTER 13 (PRAKTEK BERIKLAN DENGAN LANDINGPAGE),13.8 - PRAKTEK SPLIT TESTING Iklan Sales Funnel Landing Page,https://www.youtube.com/watch?v=6RhY-1E7jwE
Mahir Digital,META & IG ADS MASTERY,CHAPTER 14 (PRAKTEK IKLAN BOOSTPOST),14.1 - Cara Membuat Akun Instagram,https://drive.google.com/file/d/1e9A9HX55PbAIlDWdDz0pBF5l1eyVMhpK/preview
Mahir Digital,META & IG ADS MASTERY,CHAPTER 14 (PRAKTEK IKLAN BOOSTPOST),14.2 - ⁠⁠Praktek Menghubungkan Fanpage/ Halaman Ke Akun Instagram,https://www.youtube.com/watch?v=CU-OD9VofGY
Mahir Digital,META & IG ADS MASTERY,CHAPTER 14 (PRAKTEK IKLAN BOOSTPOST),14.3 - Praktek IG Boost post,https://drive.google.com/file/d/121laE5neDIi_1cCXt6Td1F9aKD_kHrMQ/preview
Mahir Digital,META & IG ADS MASTERY,CHAPTER 14 (PRAKTEK IKLAN BOOSTPOST),14.4 - Solusi Apabila Iklan Ditolak + Aturan yang Perlu Diikuti Dalam Beriklan,https://www.youtube.com/watch?v=HiS68wdQeZM
Mahir Digital,META & IG ADS MASTERY,CHAPTER 14 (PRAKTEK IKLAN BOOSTPOST),14.5 - Metrics (Data Penting) Yang Ada di Dalam Instagram Ads,https://www.youtube.com/watch?v=_vcZw3Ar7_I
Mahir Digital,META & IG ADS MASTERY,CHAPTER 14 (PRAKTEK IKLAN BOOSTPOST),14.6 - PRAKTEK Baca Data Instagram Ads,https://www.youtube.com/watch?v=UOu_iwxGgwM
Mahir Digital,META & IG ADS MASTERY,CHAPTER 14 (PRAKTEK IKLAN BOOSTPOST),14.7 - PRAKTEK Boost Post,https://drive.google.com/file/d/1Zb2SkZn4WUfcAbhZ3dV5nZISlhnLL8rb/preview
Mahir Digital,META & IG ADS MASTERY,CHAPTER 15 (CUSTOM AUDIENCE & RETARGETING),15.1 - Strategi Meneror Calon Konsumen & Bikin Iklan Gentayangan,https://www.youtube.com/watch?v=4LfLJRbYsbs
Mahir Digital,META & IG ADS MASTERY,CHAPTER 15 (CUSTOM AUDIENCE & RETARGETING),15.2 - Fitur Canggih (Custom & Lookalike Audience),https://drive.google.com/file/d/1YYfUt7tFDO2tVaWEOIRgzlDlNffJ-5_-/preview
Mahir Digital,META & IG ADS MASTERY,CHAPTER 15 (CUSTOM AUDIENCE & RETARGETING),15.3 - Praktek Custom & Lookalike Audience + Praktek,https://www.youtube.com/watch?v=3jiNpQkWYr8
Mahir Digital,META & IG ADS MASTERY,CHAPTER 16 (STUDI KASUS PRODUK),16.1 - Studi Kasus Properti Syariah,https://drive.google.com/file/d/1FTbV5FFBDZED7SnQu3kbSV7CsIFnBWXh/preview
Mahir Digital,META & IG ADS MASTERY,CHAPTER 16 (STUDI KASUS PRODUK),16.2 - Studi Kasus Properti Konvensional,https://www.youtube.com/watch?v=Eegqw7TTjNc
Mahir Digital,META & IG ADS MASTERY,CHAPTER 16 (STUDI KASUS PRODUK),16.3 - Studi Kasus Rekrut Agent Properti,https://drive.google.com/file/d/1FkBR0fRk0hvsM9CpombzUYnQ8io5K9kx/preview
Mahir Digital,META & IG ADS MASTERY,CHAPTER 16 (STUDI KASUS PRODUK),16.4 - Studi Kasus Produk Herbal,https://www.youtube.com/watch?v=7aio0ZRzXbM
Mahir Digital,META & IG ADS MASTERY,CHAPTER 16 (STUDI KASUS PRODUK),16.5 - Studi Kasus Produk Kecantikan,https://drive.google.com/file/d/1HP8Dg2etMHzgKtwwnuqIAkQG74jfuoJR/preview
Mahir Digital,META & IG ADS MASTERY,CHAPTER 16 (STUDI KASUS PRODUK),16.6 - Studi Kasus Produk Aqiqah,https://www.youtube.com/watch?v=2qs1PM0TDv8
Mahir Digital,META & IG ADS MASTERY,CHAPTER 16 (STUDI KASUS PRODUK),16.7 - Studi Kasus Produk Bunga,https://drive.google.com/file/d/1mqBiaRjoWXuKlI5S56TtNtSDC-FSJP-M/preview
Mahir Digital,META & IG ADS MASTERY,MATERI BONUS,Langkah Berikutnya Yang Perlu Dilakukan (RANGKUMAN),https://www.youtube.com/watch?v=kRfaa-P_y_0
Mahir Digital,META & IG ADS MASTERY,MATERI BONUS,Mindset Membuat Landing Page,https://drive.google.com/file/d/1blR4fkimmzzansfyD03c9WM45nmAPYzh/preview
Mahir Digital,META & IG ADS MASTERY,MATERI BONUS,Apa Itu Landing page? Perbedaan LP & Website,https://www.youtube.com/watch?v=QOolYrCb108
Mahir Digital,META & IG ADS MASTERY,MATERI BONUS,Struktur & Tips Membuat Landing Page Yang Convert & Menarik,https://drive.google.com/file/d/1969HoEIe3rZviwA2IalGvgiXdfzWLCgP/preview
Mahir Digital,META & IG ADS MASTERY,MATERI BONUS,Pengenalan & Cara Berlangganan Berdu,https://www.youtube.com/watch?v=NpXyEIhup1M
Mahir Digital,META & IG ADS MASTERY,MATERI BONUS,Cara Membuat Landing Page Di Berdu.id,https://drive.google.com/file/d/1KHRDvNxZ0cMEkPpkge1-BksO9l1hZCIN/preview
Mahir Digital,META & IG ADS MASTERY,MATERI BONUS,Cara Setting Pixel ketika Iklan Pakai Berdu.id,https://www.youtube.com/watch?v=FXm1C7bV32w
Mahir Digital,META & IG ADS MASTERY,MATERI BONUS,Langkah - Langkah Membuat Landing Page Di Niaga Hoster,https://www.youtube.com/watch?v=vbpsffwc8OM
Mahir Digital,META & IG ADS MASTERY,MATERI BONUS,"Membeli Hosting, Domain & Wordpress Di Niagahoster",https://drive.google.com/file/d/1FOtdCU4DVNuLFKGp3QtGP5x5_ntXdqEN/preview
Mahir Digital,META & IG ADS MASTERY,MATERI BONUS,Menginstal & Mengenal Plugin Elementor,https://www.youtube.com/watch?v=75BTE4NYKn8
Mahir Digital,META & IG ADS MASTERY,MATERI BONUS,Membuat Landing Page Versi Dekstop,https://drive.google.com/file/d/143dHy5H97YOY9MMiu_AC0T4ReinScrE6/preview
Mahir Digital,META & IG ADS MASTERY,MATERI BONUS,Membuat Landing Page Versi Mobile,https://www.youtube.com/watch?v=AXTjC0fz9ns
Mahir Digital,META & IG ADS MASTERY,MATERI BONUS,Membuat Halaman Menjadi Homepage,https://www.youtube.com/watch?v=_fvZu0IIeOk
Mahir Digital,TEKNIK CLOSING & SALES MASTERY,CHAPTER 1 - FUNDAMENTAL SALES,1.1 - Introduction,https://www.youtube.com/watch?v=P9rBLmen-kM
Mahir Digital,TEKNIK CLOSING & SALES MASTERY,CHAPTER 1 - FUNDAMENTAL SALES,1.2 - Perkenalan Zahroh Upsella,https://www.youtube.com/watch?v=CVCcmb_VrZg
Mahir Digital,TEKNIK CLOSING & SALES MASTERY,CHAPTER 1 - FUNDAMENTAL SALES,1.3 - Sales tidak boleh berbicara Harga,https://www.youtube.com/watch?v=_rvb3BWyhDg
Mahir Digital,TEKNIK CLOSING & SALES MASTERY,CHAPTER 1 - FUNDAMENTAL SALES,1.4 - Harga cara jitu mengusir customer,https://drive.google.com/file/d/1GamiQPHet6-6afw8MPamdAVG1rHnKFpZ/preview
Mahir Digital,TEKNIK CLOSING & SALES MASTERY,CHAPTER 1 - FUNDAMENTAL SALES,1.5 - Kenapa tawar menawar itu terjadi,https://www.youtube.com/watch?v=JZYH-UhXqiQ
Mahir Digital,TEKNIK CLOSING & SALES MASTERY,CHAPTER 1 - FUNDAMENTAL SALES,1.6 - Sales ujung tombak bisnis,https://drive.google.com/file/d/1XmDx6HYQoKWUfgNG-STGqeyajzI3ZdUA/preview
Mahir Digital,TEKNIK CLOSING & SALES MASTERY,CHAPTER 1 - FUNDAMENTAL SALES,1.7 - Contoh omzet yang naik 2-3x lipat,https://www.youtube.com/watch?v=cSvOBtuXUpk
Mahir Digital,TEKNIK CLOSING & SALES MASTERY,CHAPTER 2 - TUJUAN SALES,2.1 - Tujuan Sales Mendeliver Value,https://www.youtube.com/watch?v=bgFgpA_ARZU
Mahir Digital,TEKNIK CLOSING & SALES MASTERY,CHAPTER 2 - TUJUAN SALES,2.2 - Segmentasi Market,https://drive.google.com/file/d/1CgB9EChJIYWM_qeWZAMrULw9jjVB4CJz/preview
Mahir Digital,TEKNIK CLOSING & SALES MASTERY,CHAPTER 2 - TUJUAN SALES,2.3 - Value Proposition,https://www.youtube.com/watch?v=4HLNUIivwpk
Mahir Digital,TEKNIK CLOSING & SALES MASTERY,CHAPTER 2 - TUJUAN SALES,2.4 - Value Produk Jasa,https://drive.google.com/file/d/1EUcqmpHZrcluP9UtUyBUu-lODJ729Dr7/preview
Mahir Digital,TEKNIK CLOSING & SALES MASTERY,CHAPTER 2 - TUJUAN SALES,2.5 - Harga hanya untuk dibandingkan,https://www.youtube.com/watch?v=LWYHBl5jsZE
Mahir Digital,TEKNIK CLOSING & SALES MASTERY,CHAPTER 2 - TUJUAN SALES,2.6 - Tangga untuk naik omzet 3x lipat,https://drive.google.com/file/d/1a6uAVDLJHBsWKxkll5nmBkYjXUrrGAn-/preview
Mahir Digital,TEKNIK CLOSING & SALES MASTERY,CHAPTER 2 - TUJUAN SALES,2.7 - AI SALES (Exponensial),https://www.youtube.com/watch?v=c8f4etwlR2g
Mahir Digital,TEKNIK CLOSING & SALES MASTERY,CHAPTER 3 - MENENTUKAN BEHAVIOUR SPESIFIK MARKET,3.1 - Leads masuk ga langsung closing,https://drive.google.com/file/d/1xw-tVdML8ZDwxrkmUaCQGa48QL4OY0dm/preview
Mahir Digital,TEKNIK CLOSING & SALES MASTERY,CHAPTER 3 - MENENTUKAN BEHAVIOUR SPESIFIK MARKET,3.2 - Market behaviour perlu spesifik,https://www.youtube.com/watch?v=9etyr1z4T5o
Mahir Digital,TEKNIK CLOSING & SALES MASTERY,CHAPTER 3 - MENENTUKAN BEHAVIOUR SPESIFIK MARKET,3.3 - Identifikasi masalah sebelum solusi,https://drive.google.com/file/d/1qxrSw97swBZ1n7BchISeJYKYHjG5DpLU/preview
Mahir Digital,TEKNIK CLOSING & SALES MASTERY,CHAPTER 3 - MENENTUKAN BEHAVIOUR SPESIFIK MARKET,3.4 - Market Behaviour (Produk Fisik),https://www.youtube.com/watch?v=nRT4DMop25U
Mahir Digital,TEKNIK CLOSING & SALES MASTERY,CHAPTER 3 - MENENTUKAN BEHAVIOUR SPESIFIK MARKET,3.5 - Market Behaviour (Produk Kosmetik),https://drive.google.com/file/d/1wgBmjxhYUb60AN2G4PQeEGLE99GgGCvk/preview
Mahir Digital,TEKNIK CLOSING & SALES MASTERY,CHAPTER 3 - MENENTUKAN BEHAVIOUR SPESIFIK MARKET,3.6 - Market Behaviour (Jasa Umroh),https://www.youtube.com/watch?v=b_MZtaIUmxg
Mahir Digital,TEKNIK CLOSING & SALES MASTERY,CHAPTER 3 - MENENTUKAN BEHAVIOUR SPESIFIK MARKET,3.7 - Identifikasi behaviour market dari data closing,https://drive.google.com/file/d/1BGzAZ5JsWTkDAdsl02rtcnm1lsFC8E6j/preview
Mahir Digital,TEKNIK CLOSING & SALES MASTERY,CHAPTER 4 - ANGLE & KONTEN YANG TAJAM,4.1 - Fokus 1 Angle,https://www.youtube.com/watch?v=AjvoUI6REK8
Mahir Digital,TEKNIK CLOSING & SALES MASTERY,CHAPTER 4 - ANGLE & KONTEN YANG TAJAM,4.2 - Funnel tim lain sebelum tim sales,https://drive.google.com/file/d/1FR-unGkjvqBA7nAmVwGIAK1UScPxBu3m/preview
Mahir Digital,TEKNIK CLOSING & SALES MASTERY,CHAPTER 4 - ANGLE & KONTEN YANG TAJAM,4.3 - Tangga belajar sales sebelum AI Sales,https://www.youtube.com/watch?v=SDHRz70Spfo
Mahir Digital,TEKNIK CLOSING & SALES MASTERY,CHAPTER 4 - ANGLE & KONTEN YANG TAJAM,"4.4 - Beda Angle, Beda Hasil",https://drive.google.com/file/d/1q5wOw3xkSZnYoqlEPuwHPslF_3SmXPd7/preview
Mahir Digital,TEKNIK CLOSING & SALES MASTERY,CHAPTER 4 - ANGLE & KONTEN YANG TAJAM,4.5 - Prompting (Chat GPT) Memilih Angle,https://www.youtube.com/watch?v=lfYNKCO3kug
Mahir Digital,TEKNIK CLOSING & SALES MASTERY,CHAPTER 4 - ANGLE & KONTEN YANG TAJAM,4.6 - Efektifitas biaya iklan tergantung konten,https://drive.google.com/file/d/1pkAJ1GL8-yekquz9wfRfnhjQnwlIsniz/preview
Mahir Digital,TEKNIK CLOSING & SALES MASTERY,CHAPTER 4 - ANGLE & KONTEN YANG TAJAM,4.7 - Contoh Konten Winning (Part 1),https://www.youtube.com/watch?v=vevacrR77t0
Mahir Digital,TEKNIK CLOSING & SALES MASTERY,CHAPTER 4 - ANGLE & KONTEN YANG TAJAM,4.8 - Contoh Konten Winning (Part 2),https://drive.google.com/file/d/1rW5clQUW_TIh_pmFL6MFEnzkQA2UsKhL/preview
Mahir Digital,TEKNIK CLOSING & SALES MASTERY,CHAPTER 4 - ANGLE & KONTEN YANG TAJAM,4.9 - Contoh Konten Winning (Part 3),https://www.youtube.com/watch?v=tNgLPCRdSYs
Mahir Digital,TEKNIK CLOSING & SALES MASTERY,CHAPTER 4 - ANGLE & KONTEN YANG TAJAM,4.10 - Mulai dari mana? cek dari 3 tahapan ini,https://drive.google.com/file/d/1BM3pRU7j2f35semotaoZexBJRS8JW5nw/preview
Mahir Digital,TEKNIK CLOSING & SALES MASTERY,CHAPTER 4 - ANGLE & KONTEN YANG TAJAM,4.11 - Kenapa belum banyak closingannya?,https://www.youtube.com/watch?v=_wa3kCFXyOU
Mahir Digital,TEKNIK CLOSING & SALES MASTERY,CHAPTER 5 - TEKNIK CLOSING & KOMUNIKASI INTERAKTIF,5.1 - Kenapa sales harus berkomunikasi efektif,https://drive.google.com/file/d/1w7AV800YWURgDI7kyIYEv_8NFvsDcEng/preview
Mahir Digital,TEKNIK CLOSING & SALES MASTERY,CHAPTER 5 - TEKNIK CLOSING & KOMUNIKASI INTERAKTIF,5.2 - Mindset untuk Sukses di Sales,https://www.youtube.com/watch?v=e1pllJR86Tk
Mahir Digital,TEKNIK CLOSING & SALES MASTERY,CHAPTER 5 - TEKNIK CLOSING & KOMUNIKASI INTERAKTIF,5.3 - Komunikasi Interaktif - Close Question Part 1,https://drive.google.com/file/d/1eQ9_hpcH6Am0oFmdjYWpKk9UvC8Ktbx0/preview
Mahir Digital,TEKNIK CLOSING & SALES MASTERY,CHAPTER 5 - TEKNIK CLOSING & KOMUNIKASI INTERAKTIF,5.4 - Komunikasi Interaktif - Close Question Part 2,https://www.youtube.com/watch?v=pTgituw30yE
Mahir Digital,TEKNIK CLOSING & SALES MASTERY,CHAPTER 5 - TEKNIK CLOSING & KOMUNIKASI INTERAKTIF,5.5 - Komunikasi Interaktif - Close Question Part 3 (Latihan),https://drive.google.com/file/d/1LJwsFkEGCmsHWDX-xMX85Bo-zo8QbpL-/preview
Mahir Digital,TEKNIK CLOSING & SALES MASTERY,CHAPTER 5 - TEKNIK CLOSING & KOMUNIKASI INTERAKTIF,5.6 - Sales itu punya rel obrolan,https://www.youtube.com/watch?v=AAjIALwGj9k
Mahir Digital,TEKNIK CLOSING & SALES MASTERY,CHAPTER 5 - TEKNIK CLOSING & KOMUNIKASI INTERAKTIF,5.7 - Tujuan interaktif untuk menggiring value,https://drive.google.com/file/d/1f1jpasNcPBfq7B2-3plIJDV6Eu0rriGP/preview
Mahir Digital,TEKNIK CLOSING & SALES MASTERY,CHAPTER 6 - TEKNIK KOMUNIKASI EFEKTIF,6.1 - Komunikasi Efektif 1 bubble 1 inti pesan,https://www.youtube.com/watch?v=dp0XPs0KPvw
Mahir Digital,TEKNIK CLOSING & SALES MASTERY,CHAPTER 6 - TEKNIK KOMUNIKASI EFEKTIF,6.2 - Komunikasi efektif wajib menghidupkan visual,https://drive.google.com/file/d/1HmdfCY8DJb6JBQMb-0MA0hV5h5tfja4-/preview
Mahir Digital,TEKNIK CLOSING & SALES MASTERY,CHAPTER 6 - TEKNIK KOMUNIKASI EFEKTIF,6.3 - Komunikasi efektif wajib menghidupkan visual (Part 2),https://www.youtube.com/watch?v=E1DQqtXSRWI
Mahir Digital,TEKNIK CLOSING & SALES MASTERY,CHAPTER 6 - TEKNIK KOMUNIKASI EFEKTIF,6.4 - Komunikasi efektif wajib menghidupkan visual (Part 3),https://drive.google.com/file/d/16kx4anNQ5WMu_wkl5thqReFiutWC-E6A/preview
Mahir Digital,TEKNIK CLOSING & SALES MASTERY,CHAPTER 6 - TEKNIK KOMUNIKASI EFEKTIF,6.5 - Kenapa komunikasi visual itu penting ?,https://www.youtube.com/watch?v=qprJDM2-NWQ
Mahir Digital,TEKNIK CLOSING & SALES MASTERY,CHAPTER 7 - TEKNIK KOMUNIKASI SOLUTIF & PERSUASIF,7.1 - Komunikasi Solutif (Empati vs Simpati),https://drive.google.com/file/d/10bvdRQ-jbzliOCV7fXUMcMNkBUVFQZia/preview
Mahir Digital,TEKNIK CLOSING & SALES MASTERY,CHAPTER 7 - TEKNIK KOMUNIKASI SOLUTIF & PERSUASIF,7.2 - Skill Empati (Sales wajib membaca kekhawatiran yang tidak tersampaikan),https://www.youtube.com/watch?v=6J4NbYZlx5k
Mahir Digital,TEKNIK CLOSING & SALES MASTERY,CHAPTER 7 - TEKNIK KOMUNIKASI SOLUTIF & PERSUASIF,7.3 - Teknik Komunikasi Persuasif,https://drive.google.com/file/d/1VZEzdHJ8KHLD8mMEw2h0JQrhqCi_sb7z/preview
Mahir Digital,TEKNIK CLOSING & SALES MASTERY,CHAPTER 7 - TEKNIK KOMUNIKASI SOLUTIF & PERSUASIF,7.4 - Omzet hanya naik ketika ada improve kualitas obrolan,https://www.youtube.com/watch?v=j9RvEjicca0
Mahir Digital,TEKNIK CLOSING & SALES MASTERY,CHAPTER 8 - HANDLING OBJECTION,8.1 - Penolakan adalah pintu masuk,https://drive.google.com/file/d/1bQBrdtnxCTK6ClKP2KknNZkPYG0h-P_Z/preview
Mahir Digital,TEKNIK CLOSING & SALES MASTERY,CHAPTER 8 - HANDLING OBJECTION,8.2 - Ditolak ? karena terburu-buru menghadirkan solusi,https://www.youtube.com/watch?v=dk7bPJxdjoI
Mahir Digital,TEKNIK CLOSING & SALES MASTERY,CHAPTER 8 - HANDLING OBJECTION,8.3 - Negosiasi adalah sinyal mau deal,https://drive.google.com/file/d/1m9bCxny3r9Z0BlV30LRd41VapRJIiVe1/preview
Mahir Digital,TEKNIK CLOSING & SALES MASTERY,CHAPTER 8 - HANDLING OBJECTION,8.4 - Negosiasi vs Tawar Menawar,https://drive.google.com/file/d/1vSnSviX0Gmko3gOeJ6TgX5VMXyBLsl8Q/preview
Mahir Digital,TEKNIK CLOSING & SALES MASTERY,CHAPTER 8 - HANDLING OBJECTION,8.5 - Bahasa Negatif vs Bahasa Positif,https://drive.google.com/file/d/1WHnD_nKy6FJxt6y4Id1xWmHhNsLgz1kl/preview
Mahir Digital,TEKNIK CLOSING & SALES MASTERY,CHAPTER 8 - HANDLING OBJECTION,8.6 - Bahaya sales jika sering mengucap kata maaf,https://www.youtube.com/watch?v=wdmZq5fUHmc
Mahir Digital,TEKNIK CLOSING & SALES MASTERY,CHAPTER 8 - HANDLING OBJECTION,8.7 - Follow up tidak boleh mengintimidasi,https://drive.google.com/file/d/1D4rbMt2pTDsaHBW0i2eEzso7GlORTOv3/preview
Mahir Digital,TEKNIK CLOSING & SALES MASTERY,CHAPTER 8 - HANDLING OBJECTION,8.8 - Struktur follow up dan contohnya,https://www.youtube.com/watch?v=UMkpVx8YgMY
Mahir Digital,TEKNIK CLOSING & SALES MASTERY,CHAPTER 8 - HANDLING OBJECTION,8.9 - Follow up tujuannya untuk membuka obrolan,https://drive.google.com/file/d/19JGA-dqle6Y4Mkkybt91Gt6v5VsyPg7W/preview
Mahir Digital,TEKNIK CLOSING & SALES MASTERY,CHAPTER 8 - HANDLING OBJECTION,8.10 - COD vs Transfer,https://www.youtube.com/watch?v=7NSfjU8QFp0
Mahir Digital,TEKNIK CLOSING & SALES MASTERY,CHAPTER 8 - HANDLING OBJECTION,8.11 - Cara menggiring ke transfer,https://drive.google.com/file/d/1ibyA0BB-miB6aRRyU6ySp12dP71UR3sI/preview
Mahir Digital,TEKNIK CLOSING & SALES MASTERY,CHAPTER 8 - HANDLING OBJECTION,8.12 - Penutup Materi Sales,https://www.youtube.com/watch?v=KjXCr4cPUKA
Mahir Digital,TEKNIK CLOSING & SALES MASTERY,CHAPTER 9 - SCALE UP BISNIS,9.1 - Tahapan Scale Up Sales (Untuk Bisnis Owner),https://drive.google.com/file/d/1AcI1Z1CwGL37OgeggIlitIlcfB6uNTCS/preview
Mahir Digital,TEKNIK CLOSING & SALES MASTERY,CHAPTER 9 - SCALE UP BISNIS,9.2 - Cari sales yang jago (perbandingannya 1 - 300),https://www.youtube.com/watch?v=eWwZCtHnN3k
Mahir Digital,VIDEO ADS 101,1.1 - Fundamental,1.1 - Fundamental,https://drive.google.com/file/d/1zpDPU1Cc6SQaxCLm81OoiPU1IvZDcwf6/preview
Mahir Digital,VIDEO ADS 101,1.2 - Organic vs Ads,1.2 - Organic vs Ads,https://drive.google.com/file/d/1sX2dMxhi-2UapFZaAWB8Tee4SDeJrX3f/preview
Mahir Digital,VIDEO ADS 101,1.3 - Static vs Ads,1.3 - Static vs Ads,https://drive.google.com/file/d/15TOZvZiP7InN7IgR5mXIW87VgAy6nNw6/preview
Mahir Digital,VIDEO ADS 101,1.4 - Setup Campaign Iklan,1.4 - Setup Campaign Iklan,https://drive.google.com/file/d/1U_zw6YamVUIu3uqR20yfAP9GjNimAJwR/preview
Mahir Digital,VIDEO ADS 101,1.5 - 4 Pilar Brief Kreatif,1.5 - 4 Pilar Brief Kreatif,https://drive.google.com/file/d/1BDLPFepbl1Na76r7wQ19T4KA3AMoDD6Z/preview
Mahir Digital,VIDEO ADS 101,1.6 - Script (Hook),1.6 - Script (Hook),https://drive.google.com/file/d/1WxnItS1S2Gb7wzSC-eCq2CAvVsRmV-2m/preview
Mahir Digital,VIDEO ADS 101,1.7 - Fitur & Benefit,1.7 - Fitur & Benefit,https://drive.google.com/file/d/1WhGU3RmL_ulm0IxZP-jhA-bmKegPdqCi/preview
Mahir Digital,VIDEO ADS 101,1.8 - Cara Shooting,1.8 - Cara Shooting,https://drive.google.com/file/d/1kbE_rf6QJCA6OMRyUpNVXBsNqa2oTDbP/preview
Mahir Digital,VIDEO ADS 101,1.9 - Evaluasi Iklan,1.9 - Evaluasi Iklan,https://drive.google.com/file/d/1OM47BvqdO5pMtdgs846KrCh3HXbvMmWu/preview
Mahir Digital,VIDEO ADS 101,1.10 - Kesimpulan,1.10 - Kesimpulan,https://drive.google.com/file/d/1J6FTrNRhOUh4WgjrNOc3ntu3BpGyWMTi/preview
Mahir Digital,DIGITAL MARKETING FOR TRAVEL UMROH,Chapter 1 - Persiapan & Langkah Yang Harus Dilakukan,1.1 – Langkah Awal Sebelum Mulai Chapter Travel Umroh,https://drive.google.com/file/d/131DCaqHcTDxE8TC-lMaCYA7fzH0lRl2W/preview
Mahir Digital,DIGITAL MARKETING FOR TRAVEL UMROH,Chapter 1 - Persiapan & Langkah Yang Harus Dilakukan,"1.2 - Fundamental, Mindset, Strategi Bisnis Travel Umroh",https://www.youtube.com/watch?v=rh-MstTcr-A
Mahir Digital,DIGITAL MARKETING FOR TRAVEL UMROH,Chapter 1 - Persiapan & Langkah Yang Harus Dilakukan,1.3 - Program Terbaru (Kolaborasi),https://drive.google.com/file/d/1MakdooGs1KjK5guDM_u4QqxXlDx38XEz/preview
Mahir Digital,DIGITAL MARKETING FOR TRAVEL UMROH,Chapter 2 - Potensi Bisnis Travel Umroh,2.1 - Peluang Bisnis Travel Umroh di Era Sekarang,https://www.youtube.com/watch?v=XqyMSTvolGU
Mahir Digital,DIGITAL MARKETING FOR TRAVEL UMROH,Chapter 2 - Potensi Bisnis Travel Umroh,2.2 - 6 Langkah Digital Marketing For Travel Umroh,https://drive.google.com/file/d/1GbEzwt_Lgxp0pofmw3kTMFF67bqOezVD/preview
Mahir Digital,DIGITAL MARKETING FOR TRAVEL UMROH,Chapter 3 - Persiapan sebelum beriklan,3.1 - Praktek Membuat Halaman (Fanpages),https://www.youtube.com/watch?v=jfnrBbecSAs
Mahir Digital,DIGITAL MARKETING FOR TRAVEL UMROH,Chapter 3 - Persiapan sebelum beriklan,3.2 - Praktek Menghubungkan Halaman Dengan Instagram,https://drive.google.com/file/d/10-Jnw3QjUN4Sfof6H99GgFEtAKK4gd5k/preview
Mahir Digital,DIGITAL MARKETING FOR TRAVEL UMROH,Chapter 3 - Persiapan sebelum beriklan,3.3 - Membuat Pixel & Menghubungkan ke Akun Iklan,https://www.youtube.com/watch?v=AFIWDK6826Y
Mahir Digital,DIGITAL MARKETING FOR TRAVEL UMROH,Chapter 4 - Praktek Beriklan FB & IG Ads,4.1 - Praktek Beriklan Menggunakan Funnel Landing Page,https://drive.google.com/file/d/1BCvRuHi2qyBS1AbV1AVsmmSeqD6TBXLc/preview
Mahir Digital,DIGITAL MARKETING FOR TRAVEL UMROH,Chapter 4 - Praktek Beriklan FB & IG Ads,4.2 - Praktek Beriklan Menggunakan Funnel WhatsApp,https://www.youtube.com/watch?v=SxEM7VAywJA
Mahir Digital,DIGITAL MARKETING FOR TRAVEL UMROH,Chapter 4 - Praktek Beriklan FB & IG Ads,4.3 - Optimasi Iklan & Cara Baca Data,https://drive.google.com/file/d/1I3ftQEi1Zw9qoc0SexAK4R-17e_-Csxj/preview
Mahir Digital,DIGITAL MARKETING FOR TRAVEL UMROH,Chapter 5 - Metrics Iklan (Baca Data),5.1 - Cara Menentukan KPI & ROAS (Iklan WA),https://www.youtube.com/watch?v=WpL_J1UnmYA
Mahir Digital,DIGITAL MARKETING FOR TRAVEL UMROH,Chapter 5 - Metrics Iklan (Baca Data),5.2 - Cara Menentukan KPI & ROAS (Iklan Landing Page),https://drive.google.com/file/d/1OGeVarJjAJ9A3u3DVigZ3xDGXYuqoCcP/preview
Mahir Digital,DIGITAL MARKETING FOR TRAVEL UMROH,Chapter 5 - Metrics Iklan (Baca Data),5.3 - Tips Mendapatkan Iklan yang Murah,https://www.youtube.com/watch?v=iodnu_Cr4YE
Mahir Digital,DIGITAL MARKETING FOR TRAVEL UMROH,Chapter 6 - Whatsapp Marketing,6.1 - Alur Balas Chat Whatsapp Konsumen,https://drive.google.com/file/d/124s8uBFdv5A13796jnSMGkkTP50fKtrJ/preview
Mahir Digital,DIGITAL MARKETING FOR PROPERTY,Chapter 1 - Potensi BIsnis Property Syariah,1.1 - Bisnis Property Syariah,https://drive.google.com/file/d/1cC3SwWQkj7Lvk7ZGeV8PTy7g_z-zEu2c/preview
Mahir Digital,DIGITAL MARKETING FOR PROPERTY,Chapter 1 - Potensi BIsnis Property Syariah,1.2 - Fundamental Bisnis Property,https://drive.google.com/file/d/1D1XeRNlTZ370TQJZj6IW8synMAHJWg0u/preview
Mahir Digital,DIGITAL MARKETING FOR PROPERTY,Chapter 1 - Potensi BIsnis Property Syariah,1.3 - Langkah Kerjasama dengan Developer,https://drive.google.com/file/d/1-UDJ-sQY8YHxM6xdl_tyEuxh_WAz33iH/preview
Mahir Digital,DIGITAL MARKETING FOR PROPERTY,Chapter 1 - Potensi BIsnis Property Syariah,1.4 - 5 Pondasi Digital Marketing For Property (drive HILAL),https://drive.google.com/file/d/1WaE-QHSbnYjhzEgdeoR_HbXq8TM3BlFd/view?usp=sharing
Mahir Digital,DIGITAL MARKETING FOR PROPERTY,Chapter 1 - Potensi BIsnis Property Syariah,1.5 - Skema Pembayaran,https://www.youtube.com/watch?v=2VBvc1ddgFU
Mahir Digital,DIGITAL MARKETING FOR PROPERTY,Chapter 1 - Potensi BIsnis Property Syariah,1.6 - Akad Jual Beli Property Syariah,https://drive.google.com/file/d/1yk0QqovAClWLKg8BPqNVtx0zCtp2Sbu0/preview
Mahir Digital,DIGITAL MARKETING FOR PROPERTY,Chapter 2 - Persiapan & Praktek Beriklan FB & IG Ads,2.1 - Mindset Sebelum Beriklan,https://www.youtube.com/watch?v=VwRXWPy-fj0
Mahir Digital,DIGITAL MARKETING FOR PROPERTY,Chapter 2 - Persiapan & Praktek Beriklan FB & IG Ads,2.2 - Aturan Dalam Beriklan di Meta,https://drive.google.com/file/d/1kdLqZh-BWOTDk0nesb4-GPNGQMigol5i/preview
Mahir Digital,DIGITAL MARKETING FOR PROPERTY,Chapter 2 - Persiapan & Praktek Beriklan FB & IG Ads,2.3 - Review Persiapan Beriklan di Meta,https://www.youtube.com/watch?v=RD7HgtqVqDA
Mahir Digital,DIGITAL MARKETING FOR PROPERTY,Chapter 2 - Persiapan & Praktek Beriklan FB & IG Ads,2.4 - Menyiapkan Akun Facebook,https://drive.google.com/file/d/1d46UIhmgOn_WGAU-wIq8RmxhEAvVZ4VG/preview
Mahir Digital,DIGITAL MARKETING FOR PROPERTY,Chapter 2 - Persiapan & Praktek Beriklan FB & IG Ads,2.5 - Cara Membuat Business Manager,https://www.youtube.com/watch?v=GIECAUaeMbo
Mahir Digital,DIGITAL MARKETING FOR PROPERTY,Chapter 2 - Persiapan & Praktek Beriklan FB & IG Ads,2.6 - Cara Membuat Ad Account,https://drive.google.com/file/d/1q6kuUhxIF5aqmhjtLsHzs9gi4B_ozFD9/preview
Mahir Digital,DIGITAL MARKETING FOR PROPERTY,Chapter 2 - Persiapan & Praktek Beriklan FB & IG Ads,2.7 - Setting Metode Pembayaran,https://www.youtube.com/watch?v=6fshNclCfwY
Mahir Digital,DIGITAL MARKETING FOR PROPERTY,Chapter 2 - Persiapan & Praktek Beriklan FB & IG Ads,"2.8 - Cara Setting Fanpage, WA & IG",https://drive.google.com/file/d/1UyfzgcATOz6RRh4-tnVEFPYVHiXOieV-/preview
Mahir Digital,DIGITAL MARKETING FOR PROPERTY,Chapter 2 - Persiapan & Praktek Beriklan FB & IG Ads,2.9 - Cara Menghubungkan Instagram,https://www.youtube.com/watch?v=7xaL_4Y1jvs
Mahir Digital,DIGITAL MARKETING FOR PROPERTY,Chapter 2 - Persiapan & Praktek Beriklan FB & IG Ads,2.10 - Cara Membuat Pixel,https://drive.google.com/file/d/1sqKbg0ilPkAZqrIPMsCCyJieZnUtLIPt/preview
Mahir Digital,DIGITAL MARKETING FOR PROPERTY,Chapter 2 - Persiapan & Praktek Beriklan FB & IG Ads,2.11 - Menghubungkan Aset Iklan,https://www.youtube.com/watch?v=_egQCAX6YJY
Mahir Digital,DIGITAL MARKETING FOR PROPERTY,Chapter 2 - Persiapan & Praktek Beriklan FB & IG Ads,2.12 - Tutorial Beriklan CTWA Objective Engagement,https://drive.google.com/file/d/14wI72K_MXwHGzeDulcjE7Y5EsvxbgUGq/preview
Mahir Digital,DIGITAL MARKETING FOR PROPERTY,Chapter 2 - Persiapan & Praktek Beriklan FB & IG Ads,2.13 - Perbedaan Landing Page & Website,https://www.youtube.com/watch?v=IjpIT1S-Tnk
Mahir Digital,DIGITAL MARKETING FOR PROPERTY,Chapter 2 - Persiapan & Praktek Beriklan FB & IG Ads,2.14 - Struktur Landing Page,https://drive.google.com/file/d/1Sg9tnCBfg2qz-TmP_OTmNEABDxuYATBe/preview
Mahir Digital,DIGITAL MARKETING FOR PROPERTY,Chapter 2 - Persiapan & Praktek Beriklan FB & IG Ads,2.15 - Pengenalan & Cara Membeli Berdu,https://www.youtube.com/watch?v=phVRhZkZ8Mc
Mahir Digital,DIGITAL MARKETING FOR PROPERTY,Chapter 2 - Persiapan & Praktek Beriklan FB & IG Ads,2.16 - Cara membuat landingpage di berdu,https://drive.google.com/file/d/1ou8ip0d_CjMwrg5Zf6ITO66mOqkoW3sj/preview
Mahir Digital,DIGITAL MARKETING FOR PROPERTY,Chapter 2 - Persiapan & Praktek Beriklan FB & IG Ads,2.17 - Cara Import Template Berdu,https://www.youtube.com/watch?v=Wamelt1TPdk
Mahir Digital,DIGITAL MARKETING FOR PROPERTY,Chapter 2 - Persiapan & Praktek Beriklan FB & IG Ads,2.18 - Cara Setting Pixel di Berdu,https://drive.google.com/file/d/1CJ6i_xxU98Xd5psaLTwaWvXib2OkTNIZ/preview
Mahir Digital,DIGITAL MARKETING FOR PROPERTY,Chapter 2 - Persiapan & Praktek Beriklan FB & IG Ads,2.19 - Tutorial Iklan ke Landing Page (Objective Sales),https://www.youtube.com/watch?v=AXAylxJw8gs
Mahir Digital,DIGITAL MARKETING FOR PROPERTY,Chapter 2 - Persiapan & Praktek Beriklan FB & IG Ads,2.20 - Cara Baca Data Iklan,https://drive.google.com/file/d/1MfagCpe5vNx4gxvEiHADtmuGNE5xVF8g/preview
Mahir Digital,DIGITAL MARKETING FOR PROPERTY,Chapter 2 - Persiapan & Praktek Beriklan FB & IG Ads,2.21 - Solusi Iklan Ditolak,https://www.youtube.com/watch?v=Z5tQMplU-x4
Mahir Digital,DIGITAL MARKETING FOR PROPERTY,Chapter 2 - Persiapan & Praktek Beriklan FB & IG Ads,2.22 - Meminimalisir Akun ke Banned,https://drive.google.com/file/d/1TBqCIH0huAJ0DT5z9lg9WAmZPbcxnHOv/preview
Mahir Digital,SPESIAL EVENT - KURMA (KULIAH RAMADAN MAHIR DIGITAL),#1 FULL - 16 March 2025,#1 FULL - 16 March 2025,https://drive.google.com/file/d/1YumLl0kmvkJYF54VVgVMRWusW42asKUy/preview
Mahir Digital,SPESIAL EVENT - KURMA (KULIAH RAMADAN MAHIR DIGITAL),#2 FULL - 16 March 2025,#2 FULL - 16 March 2025,https://drive.google.com/file/d/1oPbujD7kDieP8Mfl3c4l6-QU1nlfDwbe/preview
Mahir Digital,SPESIAL EVENT - KURMA (KULIAH RAMADAN MAHIR DIGITAL),KURMA 2.0 (LIVE) - 8 MARET 2026,KURMA 2.0 (LIVE) - 8 MARET 2026,https://www.youtube.com/watch?v=hvVH7jJJC9o